nama,nomor_telepon,kategori_usaha,lokasi,rating,jumlah_ulasan,email,website
Jessy Petshop (Pemilik),0878-3285-5070,Retail,"Jl. Veteran No.38 A, Dukuh, Kec. Pekalongan Utara, Kota Pekalongan, Jawa Tengah 51146",4.5,456,,tokopedia.com
AZEEMA PETSHOP 1 (Pemilik),0852-0000-0075,Retail,"sebelah, Jl. Hos Cokroaminoto Gg. 14, Kuripan Lor, Kec. Pekalongan Sel., Kota Pekalongan, Jawa Tengah 51136",4.5,55,,
Peko Pet Shop (Pemilik),0858-7879-6888,Retail,"Komplek Pertokoan Henea, Jl. K.H. Ahmad Dahlan, Tirto, Kec. Pekalongan Bar., Kota Pekalongan, Jawa Tengah 51111",4.7,96,,
Debby Pet Shop (Pemilik),0877-1020-2666,Retail,"4M6H+WGC, Jl. H. Agus Salim, Poncol, Kec. Pekalongan Tim., Kota Pekalongan, Jawa Tengah 51129",4.2,108,,
Merak Petshop (Pemilik),0896-6565-4747,Retail,"Jl. Ki Mangun Sarkoro No.20, Gamer, Kec. Pekalongan Tim., Kota Pekalongan, Jawa Tengah 51123",4.8,68,,
Wild Petshop (Pemilik),0812-9000-0078,Retail,"51122, Jalan Dokter Wahidin No.50, Noyontaan, Pekalongan Timur, Pekalongan City, Central Java 51129",4.6,22,,
Pet shop grogolan (Pemilik),0857-0024-4169,Retail,"Jl. Hos Cokroaminoto, Landungsari, Kec. Pekalongan Tim., Kota Pekalongan, Jawa Tengah 51129",5,19,,
Saila Pet Shop (Pemilik),0813-9244-5380,Retail,"3M73+97M, Gg. 5, Sapugarut Barat, Sapugarut, Kec. Buaran, Kabupaten Pekalongan, Jawa Tengah 51171",4.8,26,,
KY PETSHOP (Pemilik),0896-1810-3111,Retail,"Jl. Veteran, Dukuh, Kec. Pekalongan Utara, Kota Pekalongan, Jawa Tengah 51146",4.3,15,,linktr.ee
Peko Petshop Urip Sumoharjo (Pemilik),0899-7222-662,Retail,"Jl. Urip Sumoharjo, Kradenan, Kec. Pekalongan Sel., Kota Pekalongan, Jawa Tengah",5,7,,
Happy Petshop Pekalongan (Pemilik),0822-2782-6588,Retail,"Jl. Binagriya B. Raya, Medono, Kec. Pekalongan Bar., Kota Pekalongan, Jawa Tengah 51111",5,4,,
Kukkii Petshop and Care (Pemilik),0851-5679-2313,Retail,"Jl. Kusuma Bangsa, Panjang Baru, Kec. Pekalongan Utara, Kota Pekalongan, Jawa Tengah 51141",5,5,,instagram.com
Yuki Petshop (Pemilik),0896-8536-3431,Retail,"Jl. Raya Sragi, Ringinpitu, Sragi, Kec. Sragi, Kabupaten Pekalongan, Jawa Tengah 51155",4.7,46,,instagram.com
Peko Petshop Bebel (Pemilik),0899-8888-262,Retail,"Jl. Laks. Yos Sudarso, Barat Utara, Bebel, Kec. Wonokerto, Kabupaten Pekalongan, Jawa Tengah 51111",5,33,,
Hokky Pet Shop (Pemilik),,Retail,"Jl. Mayjen Sutoyo No.208, Gumawang Satu, Gumawang, Kec. Wiradesa, Kabupaten Pekalongan, Jawa Tengah 51152",4.3,40,,
Nazwa Petshop (Pemilik),0823-2578-4892,Retail,"Jl. Raya Ambokembang No.119, Ambo Lor, Ambokembang, Kec. Kedungwuni, Kabupaten Pekalongan, Jawa Tengah 51173",4.2,90,,
Pekajangan Petshop (Pemilik),0853-2692-6962,Retail,"Jl. Raya Pekajangan, Pabrik Kulon, Pekajangan, Kec. Kedungwuni, Kabupaten Pekalongan, Jawa Tengah 51173",4.7,3,,
Pendopo Petshop & Klinik Hewan (Pemilik),0823-3190-7049,Retail,"Jl. Karangdowo No.5, Jebengan, Kedungwuni Bar., Kec. Kedungwuni, Kabupaten Pekalongan, Jawa Tengah 51173",4.5,64,,
Petzone petshop pekalongan (Pemilik),0812-7485-8203,Retail,"Jl kyai dahlan, Tirto, Kec. Pekalongan Bar., Kota Pekalongan, Jawa Tengah 51111",4.8,,,
DO'I PETSHOP (Pemilik),0881-8752-250,Retail,"Jl. Gatot Subroto, Tanjung, Simbang Kulon, Kec. Buaran, Kabupaten Pekalongan, Jawa Tengah",5,6,,
Jepara Art Furnicraft - Toko Mebel Jati Jepara Murah (Pemilik),0823-2330-3666,"Toko Mebel,Toko Mebel Antik,Toko Mebel Restoran Bar,Toko Mebel Kamar Tidur,Toko Mebel Rotan,Toko Mebel Anak,Toko Meja,Toko Mebel Dapur,Toko Mebel Kantor,Toko Mebel Luar Ruangan,Toko Kursi","Jl. Cik Lanang No.25, RT.15/RW.5, Jobokuto III, Jobokuto, Kec. Jepara, Kabupaten Jepara, Jawa Tengah 59416",4.6,242,,jeparahandicraft.net
"PT ARIF Furnitures Jepara | Toko Mebel Mewah, Ukir, Klasik & Minimalis Indonesia (Pemilik)",0822-4166-6995,"Toko Mebel,Toko Mebel Antik,Toko Mebel Restoran Bar,Toko Mebel Kamar Tidur,Toko Mebel Anak,Pabrikan mebel,Toko Mebel Dapur,Toko Mebel Kantor,Toko Mebel Luar Ruangan,Toko Mebel Rustic","Jl. Letjen Suprapto No.14, Demaan II, Demaan, Kec. Jepara, Kabupaten Jepara, Jawa Tengah 59419",4.7,179,,ariffurniture.co.id
CV Karya Priboemi Jepara (Pemilik),0823-2577-0044,"Toko Mebel,Grosir Mebel,Produsen","Jl. Raya Tahunan - Batealit No.KM 6, RT.09/RW.02, Bawu III, Bawu I, Kec. Batealit, Kabupaten Jepara, Jawa Tengah 59461",5,58,,karyafurniturejepara.com
Mustika Jati Jepara - Toko Furniture Terbaik Sejak 1970 (Pemilik),(0291) 592335,"Toko Mebel,Pabrikan mebel","Jl. KH. Wahid Hasyim KM.2, Rw. IV, Bapangan, Kec. Jepara, Kabupaten Jepara, Jawa Tengah 59413",4.7,36,,mustikajatijepara.com
Khair Furniture | Toko Mebel Jepara Murah (Pemilik),0822-2351-2382,"Toko Mebel,Toko Mebel Kamar Tidur,Toko Meja,Pemasok mebel sesuai pesanan,Aksesori Mebel,Pemasok aksesori mebel,Pabrikan mebel,Toko Mebel Kantor,Toko Kursi","Rw. IV, Saripan, Kec. Jepara, Kabupaten Jepara, Jawa Tengah 59414",4.8,54,,
UD. JATI JEPARA MEBEL - Furniture Jepara | Toko Mebel Jepara | Mebel Jepara (Pemilik),0812-2922-235,Toko Mebel,"Jl. K.H. Nawawi, Rw1, Sinanggul, Kec. Mlonggo, Kabupaten Jepara, Jawa Tengah 59452",4.9,29,,jatijeparamebel.com
Hutankayu Furniture - Toko Mebel Jepara Jati Murah (Pemilik),0818-8285-6160,"Pabrikan mebel,Toko Mebel Restoran Bar,Toko Mebel Kamar Tidur,Toko Mebel Anak,Grosir Mebel,Toko Mebel","Jl. Raya Tirta Samudra No.226, Rw. V, Bandengan, Kec. Jepara, Kabupaten Jepara, Jawa Tengah 59432",5,25,,hutankayu.com
OMAHEMEBEL (Pemilik),0897-4813-103,Toko Mebel,"jalan sunan, RT.29/RW.01, Mantingan, Kec. Tahunan, Kabupaten Jepara, Jawa Tengah 59421",4.8,33,,heylink.me
Wiji Furniture Jepara (Pemilik),0822-5330-7474,"Pabrikan mebel,Pemasok mebel sesuai pesanan,Pemasok aksesori mebel,Grosir Mebel,Kontraktor Pemasangan Interior,Toko Mebel,Toko Mebel Kantor,Toko Kursi","Jl. TPQ Al Hikmah 2, RT.02/RW.02, Rw. II, Bapangan, Kec. Jepara, Kabupaten Jepara, Jawa Tengah 59413",4.8,16,,wijifurniture.com
Yuni Bali Furniture - Jepara Factory (Pemilik),(0291) 595966,"Perajin furnitur,Toko Mebel","Jalan Jepara Lebak No.KM.5, RT.29/RW.05, Ngesong, Kecapi, Tahunan, Jepara Regency, Central Java 59429",4.8,4,,yunibali.com
AFIF JAYA FURNITURE (CV. Afif Jaya Group) (Pemilik),0812-3123-8808,Toko Mebel,"Rt XIII, Bantrung, Kec. Batealit, Kabupaten Jepara, Jawa Tengah 59461",5,18,,afifjayafurniture.com
ZyTH Living for Indonesia Furniture Trade & Project (Pemilik),0811-2789-984,"Toko Mebel,Toko Mebel Restoran Bar,Toko Mebel Kamar Tidur,Toko Mebel Anak","Jl. KH. Wahid Hasyim No.168 RT02, RW.04, Rw. IV, Bapangan, Jepara, Jepara Regency, Central Java 59413",4.6,18,,zyth.id
Setia Furniture Jepara (Pemilik),0812-2870-6181,Toko Mebel,"desa RT.6/RW.2, Senenan, Senenan, Kec. Jepara, Senenan, Kec. Tahunan, Kabupaten Jepara, Jawa Tengah 59426",4.7,5,,
Naga Furniture Jepara Â» Toko Mebel Jati Minimalis Online (Pemilik),0852-2973-6573,"Toko Mebel,Toko Mebel Antik,Toko Lemari,Toko Mebel Anak","RT.24/RW.05, Bawu III, Bawu, Kec. Batealit, Kabupaten Jepara, Jawa Tengah 59461",4.9,39,,nagafurniturejepara.com
Satria Jati Furniture Jepara (Pemilik),0822-2527-0216,Toko Mebel,"Jl.Hugeng Imam Santoso No.KM9, Ngabul, Kec. Tahunan, Kabupaten Jepara, Jawa Tengah 59421",4.7,10,,satriajatifurniture.weebly.com
Dima Furniture Jepara (Pemilik),0823-2620-3040,"Toko Mebel,Toko Mebel Antik,Toko Mebel Kamar Tidur,Tukang Kayu,Toko Mebel Anak,Perajin furnitur,Grosir Mebel,Toko Mebel Kantor,Toko Mebel Luar Ruangan,Toko Mebel Setengah Jadi","Jl. Senopati, RT.03/RW.03, Wani, Mindahan, Kec. Batealit, Kabupaten Jepara, Jawa Tengah 59461",5,20,,dimafurniture.co.id
UD. Mebel Jati (Pemilik),0821-7472-9751,Toko Mebel,"Jl. Kauman, Krajan, Ngasem, Kec. Batealit, Kabupaten Jepara, Jawa Tengah 59462",5,26,,mebeljati.com
DECORA FURNITURE JEPARA (Pemilik),0813-1466-0363,"Perajin furnitur,Toko Mebel Antik,Toko Mebel","NGESONG, Jl. Raya Kecapi, RT.028/RW.005, Ngesong, Kecapi, Kec. Tahunan, Kabupaten Jepara, Jawa Tengah 59429",5,6,,instagram.com
Hudas Karya Furniture Jepara (Pemilik),0812-2829-775,"Toko Mebel,Kantor Perusahaan","RT.03/RW.02, Juwetan, Bapangan, Kec. Jepara, Kabupaten Jepara, Jawa Tengah 59413",5,1,,furniturejepara-online.com
Pusat Kursi Tamu - Meja Makan - Buffet Tv Kayu Jati Furniture Jepara (Pemilik),0821-3368-9006,Toko Mebel,"Rw. III, Kedungcino, Kec. Jepara, Kabupaten Jepara, Jawa Tengah",5,27,,wa.me
DENTAL QUEEN (PRAKTEK DOKTER GIGI SPESIALIS SURABAYA) (Pemilik),0817-7007-8000,"Dokter Gigi,Dokter Gigi Kosmetik,Dokter Spesialis Periodontis Implan Gigi,Klinik Gigi,Ahli Endodontologi,Dokter bedah mulut dan maksilofasial,Ortodontis,Dokter Gigi Anak,Periodontis,Spesialis Prostodonsia","Jl. Kupang Indah XX No.8, Dukuh Kupang, Kec. Dukuhpakis, Surabaya, Jawa Timur 60189",5,1167,,linktr.ee
Klinik Kertajaya | Dokter Gigi Surabaya Timur | Swab Rapid Antigen Surabaya (Pemilik),0895-3344-81550,"Dokter Gigi,Klinik Gigi,Klinik Medis,Dokter Umum","Jl. Kertajaya No.160, Kertajaya, Kec. Gubeng, Surabaya, Jawa Timur 60282",4.8,745,,sites.google.com
DOKTER GIGI SPESIALIS SURABAYA (Pemilik),0811-3549-977,"Dokter Gigi,Dokter Spesialis Periodontis Implan Gigi,Ahli Endodontologi,Dokter bedah mulut dan maksilofasial,Ortodontis,Spesialis Prostodonsia","Jl. Raya Mulyosari No.173A, Dukuh Sutorejo, Kec. Mulyorejo, Surabaya, Jawa Timur 60115",4.9,214,,
Shiny Smile Aesthetic Dental Clinic [Pasang Behel dan Implan Gigi] (Pemilik),,"Dokter Gigi,Ahli Akupunktur,Dokter Gigi Kosmetik,Dokter Spesialis Periodontis Implan Gigi,Penyedia layanan implan gigi,Klinik Gigi,Pusat Layanan Gigi Palsu,Ahli Endodontologi,Ortodontis,Layanan pemutihan gigi","Jl. Wisma Permai Barat I Blok LL 24, Mulyorejo, Surabaya, East Java 60115",5,780,contact@shinysmiledentalclinic.com,shinysmiledentalclinic.com
Klinik Gigi Surabaya Barat - CS Dental Citraland (Pemilik),0812-3302-6161,"Dokter Gigi,Dokter Gigi Kosmetik,Penyedia layanan implan gigi,Laboratorium Gigi,Klinik Gigi,Unit Gawat Darurat Gigi,Ahli Endodontologi,Dokter Bedah Mulut,Ortodontis,Dokter Gigi Anak","Komplek Taman Gapura Barat, Jl. Taman Gapura Barat No.7, Lontar, Kec. Sambikerep, Surabaya, Jawa Timur 60217",5,320,,csdental.id
Klinik Gigi Surabaya - SCHATZ Dental Aesthetic Clinic (Pemilik),0813-3333-3215,"Dokter Gigi,Klinik Gigi","The Mezzanine, Jl. Nginden Semolo No.38-40 A-12, Nginden Jangkungan, Kec. Sukolilo, Surabaya, Jawa Timur 60118",4.6,390,,
Maximilian Dental Center (Pemilik),0838-5755-0033,"Dokter Gigi,Klinik Gigi,Penyedia layanan implan gigi,Pusat Layanan Gigi Palsu","Jl. Pucang Anom Timur II No.7, Kertajaya, Kec. Gubeng, Surabaya, Jawa Timur 60282",5,442,,
KLINIK DOKTER GIGI DAN DOKTER GIGI SPESIALIS SURABAYA BARAT DENTALOGY (Pemilik),0813-9228-2229,"Dokter Gigi,Dokter Gigi Kosmetik,Dokter Spesialis Periodontis Implan Gigi,Klinik Gigi,Unit Gawat Darurat Gigi,Ahli Endodontologi,Dokter bedah mulut dan maksilofasial,Dokter Bedah Mulut,Ortodontis,Spesialis Prostodonsia","Jl. Raya Dukuh Kupang Barat No.163, Putat Gede, Kec. Sukomanunggal, Surabaya, Jawa Timur 60189",5,377,,dentalogy.id
"Dokter Gigi Anak Surabaya Handy WH drg, SpKGA (Pemilik)",0812-3278-789,Dokter Gigi Anak,"Jl. Dharmahusada No.192, Mojo, Kec. Gubeng, Surabaya, Jawa Timur 60285",5,1014,,dentaland.biz
Dokter Gigi Surabaya Integra Dental Acupuncture (Pemilik),0812-3018-609,"Dokter Gigi,Dokter","Icon, Ruko 21 Klampis, Jl. Dr. Ir. H. Soekarno s29, Semolowaru, Sukolilo, Surabaya, East Java 60117",5,1064,,instagram.com
KLINIK GIGI OMDC Surabaya - Dharmahusada (Pemilik),0812-8883-5531,"Klinik Gigi,Dokter Gigi Kosmetik,Dokter Bedah Mulut,Ortodontis,Spesialis Prostodonsia","Jl. Dharmahusada No.166, Mojo, Kec. Gubeng, Surabaya, Jawa Timur 60285",5,437,,booking.omdc.co.id
Klinik Gigi Spesialis Anak dan Dewasa Indental (Pemilik),0896-9255-9009,"Dokter Gigi,Dokter Gigi Kosmetik,Klinik Gigi,Ahli Endodontologi,Dokter bedah mulut dan maksilofasial,Ortodontis,Dokter Gigi Anak,Periodontis,Spesialis Prostodonsia","Jl. Barata Jaya XIX No.54 A, Baratajaya, Kec. Gubeng, Surabaya, Jawa Timur 60284",4.9,581,hello.indental@gmail.com,indentalclinic.net
Dentaland Clinic Kayoon (Pemilik),0858-9191-1911,"Dokter Gigi,Ahli Perawatan Gigi,Klinik Gigi,Ahli Endodontologi,Dokter bedah mulut dan maksilofasial,Ortodontis,Dokter Gigi Anak,Periodontis,Spesialis Prostodonsia,Klinik Spesialis","Jl. Kayoon No.14C, Embong Kaliasin, Kec. Genteng, Surabaya, Jawa Timur 60271",4.9,517,,dentaland.biz
KLINIK GIGI UTAMA DENTHAUS AESTHETIC DENTAL CLINIC (Pemilik),0812-2401-1920,"Dokter Gigi,Klinik Gigi,Dokter Spesialis Periodontis Implan Gigi,Penyedia layanan implan gigi,Ahli Endodontologi,Dokter bedah mulut dan maksilofasial,Ortodontis,Dokter Gigi Anak,Spesialis Prostodonsia","Jl. Raya Manyar No.11B, Menur Pumpungan, Kec. Sukolilo, Surabaya, Jawa Timur 60284",4.9,465,,
B Fresh Dokter Gigi Klampis Surabaya (Pemilik),0856-4526-2347,"Dokter Gigi,Klinik Gigi,Ahli Perawatan Gigi,Penyedia layanan implan gigi,Pusat Layanan Gigi Palsu,Dokter Gigi Anak","Jl. Klampis Semolo No.6D, Semolowaru, Kec. Sukolilo, Surabaya, Jawa Timur 60119",4.9,279,info@bfreshgigi.com,bfreshgigi.com
Klinik Dokter Gigi Surabaya CROWN (Pemilik),0823-3598-3767,Klinik Gigi,"Jl. Semolo Waru Selatan II No.17d, Semolowaru, Kec. Sukolilo, Surabaya, Jawa Timur 60119",5,3782,,instagram.com
"Dokter Gigi Spesialis Konservasi Gigi Yulianti Sunur, Sp.KG (Spesialis Konservasi Gigi / Endodontik) (Pemilik)",0821-4345-6721,"Ahli Endodontologi,Dokter Gigi Kosmetik,Klinik Gigi,Dokter Gigi","Jl. Kayoon No.14 C, Embong Kaliasin, Kec. Genteng, Surabaya, Jawa Timur 60117",5,948,,
Confidents Dental House (Pemilik),0812-5151-9191,"Dokter Gigi,Dokter Spesialis Periodontis Implan Gigi,Klinik Gigi,Dokter bedah mulut dan maksilofasial,Ortodontis,Dokter Gigi Anak","Ruko puri indah Jl. Ketintang Pratama No.8, Ketintang, Gayungan, Surabaya, East Java 60231",5,1196,,linktr.ee
Audy Dental Surabaya | Klinik Dokter Gigi Spesialis (Pemilik),(031) 99150763,Klinik Gigi,"Ruko Golden Palace, Jl. Mayjen HR. Muhammad No.373-383 Blok A. 9-10, Pradahkalikendal, Kec. Dukuhpakis, Surabaya, Jawa Timur 60226",5,1638,,audydental.com
Narizma Healthcare | Praktek Dokter Umum dan Dokter Gigi Surabaya (Pemilik),0812-1835-8536,"Dokter Gigi,Dokter","Jl. Krukah Tim. No.9, Baratajaya, Kec. Gubeng, Surabaya, Jawa Timur 60284",5,899,narizmahealthcare@gmail.com,narizma.medisite.id
Miami Elektronik (Pemilik),(031) 5032150,Toko Elektronik,"Jl. Kertajaya No.230, Kertajaya, Kec. Gubeng, Surabaya, Jawa Timur 60282",4.6,838,,instagram.com
Hartono Kertajaya Indah (Pemilik),(031) 7321212,"Toko Elektronik,Toko Perkakas,Toko Kamera,Toko Home Theater,Toko Alat Dapur,Pemasok Peralatan Kantor,Toko Alat Tulis Kantor,Toko Audio Rumah","Jl. Dr. Ir. H. Soekarno No.35, Klampis Ngasem, Kec. Sukolilo, Surabaya, Jawa Timur 60282",4.9,23616,,myhartono.com
Hartono BG Junction (Pemilik),(031) 7321212,"Toko Elektronik,Toko Perkakas,Toko Alat Dapur","BG Junction L1 Floor , C 95-97, Jl. Bubutan No.1, Kec. Bubutan, Surabaya, Jawa Timur 60174",4.9,37320,,myhartono.com
Perdana Elektronik (Pemilik),0877-0295-9797,Toko Elektronik,"Blok G-204 No.32, Jl. Raya Kertajaya Indah, Manyar Sabrangan, Kec. Mulyorejo, Surabaya, Jawa Timur 60116",4.2,791,,
Perdana Elektronik Pangsud (Pemilik),0812-1786-0644,Toko Elektronik,"Jl. Panglima Sudirman No.20-22, Embong Kaliasin, Kec. Genteng, Surabaya, Jawa Timur, Jawa Timur 60271",4.4,828,,
Berkat Elektronik (Pemilik),0896-1381-4080,Toko Elektronik,"Jl. Raya Mulyosari No.28, Kalisari, Kec. Mulyorejo, Surabaya, Jawa Timur 60112",4.4,652,,
Toko DISCO Elektronik (Pemilik),(031) 5035660,Toko Elektronik,"Jl. Pacar Keling No.24 B, Pacar Keling, Kec. Tambaksari, Surabaya, Jawa Timur 60131",4.5,877,,
Miami Elektronik (Pemilik),(031) 99843529,"Toko Elektronik,Grosir elektronik","Jl. Raya Jemursari No.52-54, Jemur Wonosari, Kec. Wonocolo, Surabaya, Jawa Timur 60237",4.7,747,,instagram.com
Metron Elektronika Surabaya (Pemilik),0813-9084-0322,"Toko Elektronik,Toko Perkakas","Jl. Kedungsari No.83-87, Wonorejo, Kec. Tegalsari, Surabaya, Jawa Timur 60261",4.4,1436,,
Surya Agung Elektronik (Pemilik),(031) 8431647,Toko Elektronik,"Jl. Raya Rungkut Tengah No.72, Rungkut Tengah, Kec. Gn. Anyar, Surabaya, Jawa Timur 60293",4.3,731,,shopee.co.id
Toko Elektronik Paling Murah Di Surabaya (Pemilik),0878-6037-4890,"Toko Elektronik,Grosir aksesori elektronik","Jl. Genteng Besar No.43, Genteng, Kec. Genteng, Surabaya, Jawa Timur 60273",4.3,410,,
Hartono - Bukit Darmo (Pemilik),(031) 7321212,"Toko Elektronik,Toko Perkakas,Toko Kamera,Toko Home Theater,Toko Mebel Dapur,Toko Alat Dapur,Pemasok Peralatan Kantor,Toko Alat Tulis Kantor,Toko Audio Rumah","Yono Suwoyo, Jl. Mayjend. Jonosewojo No.12, Pradahkalikendal, Kec. Dukuhpakis, Surabaya, Jawa Timur 60226",4.9,18678,,myhartono.com
Prima Elektronik (Pemilik),0821-1611-1250,Toko Elektronik,"Jl. Simo Pomahan I No.40, Simomulyo, Kec. Sukomanunggal, Surabaya, Jawa Timur 60281",4.5,119,,primaelektronik.co.id
Planet Elektronik (Pemilik),0818-511-241,Toko Elektronik,"Jl. Tambak Rejo No.41, Tambakrejo, Kec. Simokerto, Surabaya, Jawa Timur 60142",4.5,171,,
New Palapa Elektronik (Pemilik),0812-8888-0084,Toko Elektronik,"Jl. Raya Rungkut Industri No.2, Rungkut Kidul, Rungkut, Rungkut Kidul, Kec. Rungkut, Surabaya, Jawa Timur 60293",4.2,722,,instagram.com
Elektronic market (Pemilik),0819-1515-0304,"Toko Elektronik,Grosir elektronik","Jl. Genteng Besar, Genteng, Kec. Genteng, Surabaya, Jawa Timur 60275",4.3,1588,,
UFO Elektronika Kertajaya (Pemilik),0811-3099-899,"Toko Elektronik,Toko Perkakas","Jl. Kertajaya No.149, Airlangga, Kec. Gubeng, Surabaya, Jawa Timur 60286",4.1,2803,,ufoelektronika.com
UFO Elektronika Wiyung (Pemilik),0811-3099-899,Toko Elektronik,"Jl. Raya Menganti No.473, Babatan, Kec. Wiyung, Surabaya, Jawa Timur 60227",4.2,282,,ufoelektronika.com
Anugerah Abadi Elektronik (Pemilik),0813-3473-0136,"Toko Elektronik,Toko Alat Listrik","Jl. Raya Lontar No.95B, Lontar, Kec. Sambikerep, Surabaya, Jawa Timur 60216",4.7,73,,tokopedia.com
Distributor Elektronik Surabaya (Pemilik),0812-5266-7474,Toko Elektronik,"Perumahan Nirwana Permai Executive, Jl. Wonorejo Permai Utara V No.581 Blok BB, Wonorejo, Kec. Rungkut, Surabaya, Jawa Timur 60298",4.7,53,,
